<?xml version="1.0" encoding="utf-8"?>
<form>
    <fieldset name="general">
        <field name="operator" type="comparator"/>
        <field name="value" type="tfinputrepeater" 
            label="NR_IPADDRESS"
            description="NR_ASSIGN_IP_ADDRESSES_DESC"
            layout="joomla.form.field.subform.repeatable-table">
            <form>
                <field name="value"
                    class="input-fullwidth"
                    hint="180.150.1.6"
                    size="20"
                    type="text" />
            </form>
        </field>
        <field name="note" type="ruleValueHint"/>
    </fieldset>
</form>
