<?xml version="1.0" encoding="utf-8"?>
<form>
	<fields name="fieldparams">
		<fieldset name="fieldparams">
			
			
			<field name="@enable_country_selector" type="nr_pro"
				label="ACF_TELEPHONE_DISPLAY_COUNTRY_CODE_SELECTOR"
				description="ACF_TELEPHONE_DISPLAY_COUNTRY_CODE_SELECTOR_DESC"
			/>
			<field name="@free_detectcountry" type="nr_pro"
				label="ACF_TELEPHONE_FIELD_COUNTRY_DETECT"
				description="ACF_TELEPHONE_FIELD_COUNTRY_DETECT_DESC"
			/>
			
			<field name="tel_mask" type="text"
				label="ACF_TELEPHONE_MASK"
				description="ACF_TELEPHONE_MASK_DESC"
				hint="(999) 999-9999"
			/>
			<field name="click_to_call" type="nrtoggle" 
		        label="ACF_TELEPHONE_CLICK_TO_CALL"
				description="ACF_TELEPHONE_CLICK_TO_CALL_DESC"
		        checked="true"
			/>
		</fieldset>
	</fields>
</form>

